country,group,self_reported,climatetrace,source
United States,AnnexI,5900,6100,ILLUSTRATIVE_SAMPLE
Germany,AnnexI,750,775,ILLUSTRATIVE_SAMPLE
Japan,AnnexI,1150,1185,ILLUSTRATIVE_SAMPLE
United Kingdom,AnnexI,420,438,ILLUSTRATIVE_SAMPLE
Canada,AnnexI,730,782,ILLUSTRATIVE_SAMPLE
Australia,AnnexI,490,548,ILLUSTRATIVE_SAMPLE
China,nonAnnexI,12000,13600,ILLUSTRATIVE_SAMPLE
India,nonAnnexI,2800,3350,ILLUSTRATIVE_SAMPLE
Indonesia,nonAnnexI,700,1150,ILLUSTRATIVE_SAMPLE
Brazil,nonAnnexI,1000,1560,ILLUSTRATIVE_SAMPLE
Nigeria,nonAnnexI,300,520,ILLUSTRATIVE_SAMPLE
Iran,nonAnnexI,780,995,ILLUSTRATIVE_SAMPLE
